LandUseType,DeforestedArea,NonDeforestedArea,TotalArea
Hedgerow,196347.859375,1027276.1140279998,1223623.9734029998
Forest Reserve,277254.84375,2116571.9245309997,2393826.7682809997
Paddocks,1217081.5,4280154.291775,5497235.791775
Riparian Corridor,5633.57861328125,79369.40954121875,85002.9881545
