LandUseType,DeforestedArea,NonDeforestedArea,TotalArea
Hedgerow,140646.046875,712587.433125,853233.48
Forest Reserve,611364.4375,4446317.8625,5057682.3
Paddocks,860709.6875,3017426.1325,3878135.82
Riparian Corridor,6039.97607421875,85247.38392578125,91287.36
