LandUseType,DeforestedArea,NonDeforestedArea,TotalArea
Hedgerow,130964.28125,663533.554024,794497.835274
Forest Reserve,569278.25,4140238.820114999,4709517.070114999
Paddocks,801458.8125,2809710.4466909994,3611169.2591909994
Riparian Corridor,5624.18798828125,79379.05157971874,85003.23956799999
