LandUseType,DeforestedArea,NonDeforestedArea,TotalArea
Hedgerow,266941.59375,1490579.21625,1757520.81
Forest Reserve,52953.6640625,496789.5559375,549743.22
Paddocks,1651354.75,5828827.58,7480182.33
Riparian Corridor,6065.740234375,85220.089765625,91285.83
