LandUseType,DeforestedArea,NonDeforestedArea,TotalArea
Hedgerow,248565.921875,1387969.1083654999,1636535.0302404999
Forest Reserve,49308.3984375,462591.10912349995,511899.50756099995
Paddocks,1537678.875,5427576.0147164995,6965254.8897164995
Riparian Corridor,5648.1787109375,79353.63618056249,85001.81489149999
