LandUseType,DeforestedArea,NonDeforestedArea,TotalArea
Hedgerow,297601.71875,1730183.6706265,2027785.3893765
Forest Reserve,37570.17578125,251097.94425775,288668.120039
Paddocks,1500422.0,5298555.8784395,6798977.8784395
Riparian Corridor,5620.5380859375,79382.8690910625,85003.407177
