LandUseType,DeforestedArea,NonDeforestedArea,TotalArea
Hedgerow,210863.3125,1103220.7475,1314084.06
Forest Reserve,297751.59375,2273046.02625,2570797.62
Paddocks,1307058.625,4596576.875,5903635.5
Riparian Corridor,6050.05908203125,85237.03091796875,91287.09
